{
  "wavelength_nm": [
    350.0,
    352.5,
    355.0,
    357.5,
    360.0,
    362.5,
    365.0,
    367.5,
    370.0,
    372.5,
    375.0,
    377.5,
    380.0,
    382.5,
    385.0,
    387.5,
    390.0,
    392.5,
    395.0,
    397.5,
    400.0,
    402.5,
    405.0,
    407.5,
    410.0,
    412.5,
    415.0,
    417.5,
    420.0,
    422.5,
    425.0,
    427.5,
    430.0,
    432.5,
    435.0,
    437.5,
    440.0,
    442.5,
    445.0,
    447.5,
    450.0,
    452.5,
    455.0,
    457.5,
    460.0,
    462.5,
    465.0,
    467.5,
    470.0,
    472.5,
    475.0,
    477.5,
    480.0,
    482.5,
    485.0,
    487.5,
    490.0,
    492.5,
    495.0,
    497.5,
    500.0,
    502.5,
    505.0,
    507.5,
    510.0,
    512.5,
    515.0,
    517.5,
    520.0,
    522.5,
    525.0,
    527.5,
    530.0,
    532.5,
    535.0,
    537.5,
    540.0,
    542.5,
    545.0,
    547.5,
    550.0,
    552.5,
    555.0,
    557.5,
    560.0,
    562.5,
    565.0,
    567.5,
    570.0,
    572.5,
    575.0,
    577.5,
    580.0,
    582.5,
    585.0,
    587.5,
    590.0,
    592.5,
    595.0,
    597.5,
    600.0,
    602.5,
    605.0,
    607.5,
    610.0,
    612.5,
    615.0,
    617.5,
    620.0,
    622.5,
    625.0,
    627.5,
    630.0,
    632.5,
    635.0,
    637.5,
    640.0,
    642.5,
    645.0,
    647.5,
    650.0,
    652.5,
    655.0,
    657.5,
    660.0,
    662.5,
    665.0,
    667.5,
    670.0,
    672.5,
    675.0,
    677.5,
    680.0,
    682.5,
    685.0,
    687.5,
    690.0,
    692.5,
    695.0,
    697.5,
    700.0,
    702.5,
    705.0,
    707.5,
    710.0,
    712.5,
    715.0,
    717.5,
    720.0,
    722.5,
    725.0,
    727.5,
    730.0,
    732.5,
    735.0,
    737.5,
    740.0,
    742.5,
    745.0,
    747.5,
    750.0,
    752.5,
    755.0,
    757.5,
    760.0,
    762.5,
    765.0,
    767.5,
    770.0,
    772.5,
    775.0,
    777.5,
    780.0,
    782.5,
    785.0,
    787.5,
    790.0,
    792.5,
    795.0,
    797.5,
    800.0,
    802.5,
    805.0,
    807.5,
    810.0,
    812.5,
    815.0,
    817.5,
    820.0,
    822.5,
    825.0,
    827.5,
    830.0,
    832.5,
    835.0,
    837.5,
    840.0,
    842.5,
    845.0,
    847.5,
    850.0
  ],
  "bfd_shift_mm": [
    1.053954,
    0.992972,
    0.935292,
    0.880729,
    0.829109,
    0.78027,
    0.734058,
    0.690329,
    0.648947,
    0.609785,
    0.572723,
    0.537647,
    0.50445,
    0.473034,
    0.443302,
    0.415166,
    0.388541,
    0.36335,
    0.339516,
    0.316969,
    0.295643,
    0.275474,
    0.256405,
    0.238377,
    0.22134,
    0.205241,
    0.190035,
    0.175677,
    0.162124,
    0.149336,
    0.137276,
    0.125908,
    0.115198,
    0.105113,
    0.095624,
    0.086702,
    0.07832,
    0.070452,
    0.063073,
    0.05616,
    0.049692,
    0.043648,
    0.038007,
    0.032751,
    0.027863,
    0.023325,
    0.019122,
    0.015238,
    0.011659,
    0.008372,
    0.005362,
    0.002618,
    0.000129,
    -0.002117,
    -0.004131,
    -0.005923,
    -0.007502,
    -0.008878,
    -0.010058,
    -0.011052,
    -0.011867,
    -0.012511,
    -0.01299,
    -0.013312,
    -0.013484,
    -0.01351,
    -0.013397,
    -0.013151,
    -0.012777,
    -0.01228,
    -0.011665,
    -0.010936,
    -0.010098,
    -0.009156,
    -0.008112,
    -0.006971,
    -0.005737,
    -0.004413,
    -0.003003,
    -0.001509,
    6.6e-05,
    0.001717,
    0.003444,
    0.005242,
    0.00711,
    0.009045,
    0.011044,
    0.013106,
    0.015228,
    0.017409,
    0.019646,
    0.021937,
    0.024281,
    0.026676,
    0.02912,
    0.031611,
    0.034149,
    0.036732,
    0.039358,
    0.042025,
    0.044734,
    0.047482,
    0.050268,
    0.053091,
    0.05595,
    0.058844,
    0.061771,
    0.064732,
    0.067725,
    0.070748,
    0.073802,
    0.076885,
    0.079997,
    0.083136,
    0.086302,
    0.089495,
    0.092712,
    0.095955,
    0.099222,
    0.102513,
    0.105826,
    0.109162,
    0.112519,
    0.115897,
    0.119297,
    0.122716,
    0.126155,
    0.129613,
    0.13309,
    0.136585,
    0.140097,
    0.143627,
    0.147174,
    0.150737,
    0.154317,
    0.157912,
    0.161522,
    0.165148,
    0.168788,
    0.172442,
    0.17611,
    0.179792,
    0.183487,
    0.187195,
    0.190915,
    0.194648,
    0.198393,
    0.20215,
    0.205919,
    0.209698,
    0.213489,
    0.21729,
    0.221102,
    0.224925,
    0.228757,
    0.232599,
    0.23645,
    0.240311,
    0.244181,
    0.24806,
    0.251947,
    0.255843,
    0.259747,
    0.26366,
    0.26758,
    0.271508,
    0.275443,
    0.279386,
    0.283336,
    0.287293,
    0.291256,
    0.295227,
    0.299203,
    0.303186,
    0.307176,
    0.311171,
    0.315172,
    0.319178,
    0.323191,
    0.327208,
    0.331231,
    0.335259,
    0.339292,
    0.343329,
    0.347372,
    0.351419,
    0.35547,
    0.359525,
    0.363585,
    0.367649,
    0.371716,
    0.375788,
    0.379863,
    0.383941,
    0.388023,
    0.392109,
    0.396197,
    0.400289,
    0.404383,
    0.408481,
    0.412581
  ]
}