{
  "wavelength_nm": [
    350.0,
    352.5,
    355.0,
    357.5,
    360.0,
    362.5,
    365.0,
    367.5,
    370.0,
    372.5,
    375.0,
    377.5,
    380.0,
    382.5,
    385.0,
    387.5,
    390.0,
    392.5,
    395.0,
    397.5,
    400.0,
    402.5,
    405.0,
    407.5,
    410.0,
    412.5,
    415.0,
    417.5,
    420.0,
    422.5,
    425.0,
    427.5,
    430.0,
    432.5,
    435.0,
    437.5,
    440.0,
    442.5,
    445.0,
    447.5,
    450.0,
    452.5,
    455.0,
    457.5,
    460.0,
    462.5,
    465.0,
    467.5,
    470.0,
    472.5,
    475.0,
    477.5,
    480.0,
    482.5,
    485.0,
    487.5,
    490.0,
    492.5,
    495.0,
    497.5,
    500.0,
    502.5,
    505.0,
    507.5,
    510.0,
    512.5,
    515.0,
    517.5,
    520.0,
    522.5,
    525.0,
    527.5,
    530.0,
    532.5,
    535.0,
    537.5,
    540.0,
    542.5,
    545.0,
    547.5,
    550.0,
    552.5,
    555.0,
    557.5,
    560.0,
    562.5,
    565.0,
    567.5,
    570.0,
    572.5,
    575.0,
    577.5,
    580.0,
    582.5,
    585.0,
    587.5,
    590.0,
    592.5,
    595.0,
    597.5,
    600.0,
    602.5,
    605.0,
    607.5,
    610.0,
    612.5,
    615.0,
    617.5,
    620.0,
    622.5,
    625.0,
    627.5,
    630.0,
    632.5,
    635.0,
    637.5,
    640.0,
    642.5,
    645.0,
    647.5,
    650.0,
    652.5,
    655.0,
    657.5,
    660.0,
    662.5,
    665.0,
    667.5,
    670.0,
    672.5,
    675.0,
    677.5,
    680.0,
    682.5,
    685.0,
    687.5,
    690.0,
    692.5,
    695.0,
    697.5,
    700.0,
    702.5,
    705.0,
    707.5,
    710.0,
    712.5,
    715.0,
    717.5,
    720.0,
    722.5,
    725.0,
    727.5,
    730.0,
    732.5,
    735.0,
    737.5,
    740.0,
    742.5,
    745.0,
    747.5,
    750.0,
    752.5,
    755.0,
    757.5,
    760.0,
    762.5,
    765.0,
    767.5,
    770.0,
    772.5,
    775.0,
    777.5,
    780.0,
    782.5,
    785.0,
    787.5,
    790.0,
    792.5,
    795.0,
    797.5,
    800.0,
    802.5,
    805.0,
    807.5,
    810.0,
    812.5,
    815.0,
    817.5,
    820.0,
    822.5,
    825.0,
    827.5,
    830.0,
    832.5,
    835.0,
    837.5,
    840.0,
    842.5,
    845.0,
    847.5,
    850.0
  ],
  "bfd_shift_mm": [
    4.937948,
    4.67166,
    4.419321,
    4.18016,
    3.953454,
    3.738521,
    3.53472,
    3.341449,
    3.15814,
    2.98426,
    2.819305,
    2.662803,
    2.514306,
    2.373394,
    2.239671,
    2.112762,
    1.992316,
    1.877998,
    1.769497,
    1.666514,
    1.56877,
    1.476,
    1.387955,
    1.304399,
    1.225109,
    1.149873,
    1.078492,
    1.010778,
    0.946552,
    0.885645,
    0.827897,
    0.773157,
    0.721282,
    0.672135,
    0.625588,
    0.581519,
    0.539812,
    0.500358,
    0.463053,
    0.427798,
    0.394499,
    0.363069,
    0.333423,
    0.30548,
    0.279165,
    0.254406,
    0.231134,
    0.209284,
    0.188794,
    0.169606,
    0.151664,
    0.134913,
    0.119305,
    0.10479,
    0.091323,
    0.07886,
    0.067361,
    0.056784,
    0.047093,
    0.038252,
    0.030227,
    0.022984,
    0.016494,
    0.010726,
    0.005653,
    0.001247,
    -0.002517,
    -0.005664,
    -0.008217,
    -0.010199,
    -0.01163,
    -0.012532,
    -0.012923,
    -0.012822,
    -0.012248,
    -0.011216,
    -0.009743,
    -0.007846,
    -0.005537,
    -0.002833,
    0.000254,
    0.003711,
    0.007525,
    0.011684,
    0.016177,
    0.020992,
    0.026119,
    0.031549,
    0.037271,
    0.043276,
    0.049556,
    0.056101,
    0.062903,
    0.069956,
    0.07725,
    0.084779,
    0.092535,
    0.100513,
    0.108705,
    0.117106,
    0.125709,
    0.134508,
    0.143499,
    0.152675,
    0.162032,
    0.171564,
    0.181267,
    0.191136,
    0.201167,
    0.211355,
    0.221697,
    0.232188,
    0.242824,
    0.253602,
    0.264518,
    0.275569,
    0.286751,
    0.298061,
    0.309495,
    0.321051,
    0.332726,
    0.344517,
    0.356421,
    0.368436,
    0.380558,
    0.392786,
    0.405116,
    0.417547,
    0.430075,
    0.4427,
    0.455418,
    0.468228,
    0.481128,
    0.494115,
    0.507187,
    0.520343,
    0.533581,
    0.546899,
    0.560295,
    0.573767,
    0.587315,
    0.600935,
    0.614628,
    0.62839,
    0.642221,
    0.656119,
    0.670083,
    0.684111,
    0.698202,
    0.712355,
    0.726568,
    0.740839,
    0.755169,
    0.769555,
    0.783997,
    0.798492,
    0.813041,
    0.827642,
    0.842293,
    0.856994,
    0.871744,
    0.886541,
    0.901385,
    0.916274,
    0.931209,
    0.946187,
    0.961207,
    0.97627,
    0.991373,
    1.006517,
    1.021699,
    1.03692,
    1.052179,
    1.067474,
    1.082805,
    1.098171,
    1.113571,
    1.129004,
    1.144471,
    1.159969,
    1.175499,
    1.191059,
    1.206649,
    1.222268,
    1.237916,
    1.253591,
    1.269294,
    1.285022,
    1.300777,
    1.316557,
    1.332361,
    1.348189,
    1.364041,
    1.379915,
    1.395812,
    1.41173,
    1.427669,
    1.443628,
    1.459607,
    1.475605,
    1.491623
  ]
}