{
    "wavelength_nm": [
        300,
        310,
        320,
        330,
        340,
        350,
        360,
        370,
        380,
        390,
        400,
        410,
        420,
        430,
        440,
        450,
        460,
        470,
        480,
        490,
        500,
        510,
        520,
        530,
        540,
        550,
        560,
        570,
        580,
        590,
        600,
        610,
        620,
        630,
        640,
        650,
        660,
        670,
        680,
        690,
        700,
        710,
        720,
        730,
        740,
        750,
        760,
        770,
        780,
        790,
        800,
        810,
        820,
        830,
        840,
        850,
        860,
        870,
        880,
        890,
        900,
        910,
        920,
        930,
        940,
        950,
        960,
        970,
        980,
        990,
        1000
    ],
    "reflectance": [
        0.8908,
        0.867351,
        0.841102,
        0.824279,
        0.830753,
        0.852538,
        0.875519,
        0.894679,
        0.909618,
        0.920234,
        0.928389,
        0.934659,
        0.939496,
        0.943226,
        0.945659,
        0.946884,
        0.947672,
        0.948186,
        0.948491,
        0.948554,
        0.947853,
        0.946849,
        0.945689,
        0.944432,
        0.943037,
        0.941304,
        0.939155,
        0.936916,
        0.934588,
        0.932167,
        0.929651,
        0.92701,
        0.924233,
        0.921353,
        0.91837,
        0.915283,
        0.90921,
        0.902816,
        0.896094,
        0.889035,
        0.881635,
        0.875043,
        0.868193,
        0.860967,
        0.853474,
        0.845717,
        0.837699,
        0.829426,
        0.820905,
        0.812147,
        0.803163,
        0.796591,
        0.789917,
        0.783154,
        0.776321,
        0.769436,
        0.769208,
        0.769065,
        0.769029,
        0.769118,
        0.76934,
        0.769695,
        0.770244,
        0.771006,
        0.771997,
        0.773232,
        0.772315,
        0.771693,
        0.771377,
        0.771372,
        0.771684
    ]
}
