{
    "wavelength_nm": [
        300,
        310,
        320,
        330,
        340,
        350,
        360,
        370,
        380,
        390,
        400,
        410,
        420,
        430,
        440,
        450,
        460,
        470,
        480,
        490,
        500,
        510,
        520,
        530,
        540,
        550,
        560,
        570,
        580,
        590,
        600,
        610,
        620,
        630,
        640,
        650,
        660,
        670,
        680,
        690,
        700,
        710,
        720,
        730,
        740,
        750,
        760,
        770,
        780,
        790,
        800,
        810,
        820,
        830,
        840,
        850,
        860,
        870,
        880,
        890,
        900,
        910,
        920,
        930,
        940,
        950,
        960,
        970,
        980,
        990,
        1000
    ],
    "transmission": [
        0.928279,
        0.930328,
        0.930328,
        0.930328,
        0.931694,
        0.931694,
        0.931694,
        0.93306,
        0.93306,
        0.93306,
        0.934426,
        0.934426,
        0.934426,
        0.935109,
        0.935792,
        0.935792,
        0.935792,
        0.935792,
        0.935792,
        0.935792,
        0.935792,
        0.935792,
        0.936475,
        0.937159,
        0.937159,
        0.937159,
        0.937159,
        0.937159,
        0.937159,
        0.937159,
        0.937159,
        0.937159,
        0.937159,
        0.937159,
        0.937159,
        0.937159,
        0.937159,
        0.937841,
        0.937841,
        0.938525,
        0.938525,
        0.937841,
        0.937841,
        0.937841,
        0.938525,
        0.938525,
        0.938525,
        0.938525,
        0.938525,
        0.938525,
        0.938525,
        0.938525,
        0.938525,
        0.938525,
        0.937159,
        0.938525,
        0.939891,
        0.941257,
        0.942623,
        0.942623,
        0.942623,
        0.942623,
        0.942623,
        0.942623,
        0.941257,
        0.941257,
        0.942623,
        0.942623,
        0.942623,
        0.942623,
        0.942623
    ]
}
