{
    "wavelength_nm": [
        300,
        310,
        320,
        330,
        340,
        350,
        360,
        370,
        380,
        390,
        400,
        410,
        420,
        430,
        440,
        450,
        460,
        470,
        480,
        490,
        500,
        510,
        520,
        530,
        540,
        550,
        560,
        570,
        580,
        590,
        600,
        610,
        620,
        630,
        640,
        650,
        660,
        670,
        680,
        690,
        700,
        710,
        720,
        730,
        740,
        750,
        760,
        770,
        780,
        790,
        800,
        810,
        820,
        830,
        840,
        850,
        860,
        870,
        880,
        890,
        900,
        910,
        920,
        930,
        940,
        950,
        960,
        970,
        980,
        990,
        1000
    ],
    "reflectance": [
        0.402592,
        0.394724,
        0.392973,
        0.418242,
        0.496009,
        0.610376,
        0.715333,
        0.79172,
        0.838568,
        0.867313,
        0.885555,
        0.897587,
        0.905753,
        0.910942,
        0.914541,
        0.916606,
        0.918343,
        0.919087,
        0.919197,
        0.918283,
        0.917223,
        0.915586,
        0.913566,
        0.910988,
        0.908151,
        0.904859,
        0.898761,
        0.894912,
        0.890586,
        0.885949,
        0.880846,
        0.87554,
        0.869869,
        0.863592,
        0.856945,
        0.849966,
        0.842765,
        0.835006,
        0.826835,
        0.81834,
        0.809355,
        0.799913,
        0.790275,
        0.779994,
        0.769308,
        0.758627,
        0.747887,
        0.736876,
        0.726707,
        0.716982,
        0.709125,
        0.702738,
        0.698929,
        0.697834,
        0.699684,
        0.704107,
        0.710801,
        0.719313,
        0.729052,
        0.731102,
        0.741901,
        0.7522,
        0.762568,
        0.772659,
        0.782033,
        0.790957,
        0.799358,
        0.807685,
        0.815498,
        0.822481,
        0.828833
    ]
}
