{
    "wavelength_nm": [
        300,
        310,
        320,
        330,
        340,
        350,
        360,
        370,
        380,
        390,
        400,
        410,
        420,
        430,
        440,
        450,
        460,
        470,
        480,
        490,
        500,
        510,
        520,
        530,
        540,
        550,
        560,
        570,
        580,
        590,
        600,
        610,
        620,
        630,
        640,
        650,
        660,
        670,
        680,
        690,
        700,
        710,
        720,
        730,
        740,
        750,
        760,
        770,
        780,
        790,
        800,
        810,
        820,
        830,
        840,
        850,
        860,
        870,
        880,
        890,
        900,
        910,
        920,
        930,
        940,
        950,
        960,
        970,
        980,
        990,
        1000
    ],
    "reflectance": [
        0.213989,
        0.369507,
        0.66338,
        0.831719,
        0.848198,
        0.833016,
        0.816515,
        0.821979,
        0.854504,
        0.887181,
        0.912504,
        0.930985,
        0.943419,
        0.951239,
        0.957386,
        0.960782,
        0.962731,
        0.964371,
        0.965276,
        0.965521,
        0.965042,
        0.964228,
        0.963718,
        0.963342,
        0.963412,
        0.962181,
        0.960721,
        0.95904,
        0.958527,
        0.957538,
        0.957303,
        0.957214,
        0.957127,
        0.957116,
        0.957235,
        0.956829,
        0.956618,
        0.955883,
        0.955721,
        0.953936,
        0.952055,
        0.950907,
        0.951414,
        0.951713,
        0.952609,
        0.953001,
        0.953455,
        0.95396,
        0.954747,
        0.955312,
        0.957811,
        0.959461,
        0.959655,
        0.95971,
        0.961186,
        0.96311,
        0.963421,
        0.964665,
        0.965111,
        0.966054,
        0.966367,
        0.966558,
        0.967137,
        0.967877,
        0.968472,
        0.968811,
        0.969027,
        0.96933,
        0.969702,
        0.970142,
        0.970593
    ]
}
